Date/Time,Media Description,Media Link
"You uploaded a photo on October 23, 2023 at 12:50 PM (GMT)", -,https://media.licdn.com/dms/image/v2/D4E2DAQGC36mKYon7SQ/profile-treasury-image-shrink_800_800/profile-treasury-image-shrink_800_800/0/1698065433576?e=1764421200&v=beta&t=zpqnfzBgQwbdsurAqFTEGtimYDdy-xBmwD5VsHQcBU8
"You uploaded a profile background photo on October 19, 2023 at 9:40 PM (GMT)", -,https://media.licdn.com/dms/image/v2/D4E04AQFUrZTuhLPODA/profile-originalbackgroundimage-shrink_396_1584/profile-originalbackgroundimage-shrink_396_1584/0/1697751624955?e=1765411200&v=beta&t=5a6yHCPZYUMpSJtJfhmNLggHGxOXYIWrPaPt-qOzIyg
"You uploaded a profile background photo on October 19, 2023 at 9:40 PM (GMT)", -,https://media.licdn.com/dms/image/v2/D4E16AQFVUBIaK9z8pA/profile-displaybackgroundimage-shrink_200_800/profile-displaybackgroundimage-shrink_200_800/0/1697751626187?e=1765411200&v=beta&t=QRP62rOMeAwJVHiA7nsv2nk7ZaMzCYktxeT-7qC5Q0Y
"You uploaded a document on October 17, 2023 at 10:17 AM (GMT)", -,https://media.licdn.com/dms/document/media/v2/D4E2DAQHFLiHSKMxWNQ/profile-treasury-document-pdf-analyzed/profile-treasury-document-pdf-analyzed/0/1697537879702?e=1764421200&v=beta&t=fDLLQhOPVJLahPXya4KI2k_yCWFUxFHvu0MWFqnKE6E
"You uploaded a profile photo on January 5, 2021 at 7:18 AM (GMT)", -,https://media.licdn.com/dms/image/v2/C4D03AQEVkrB3a2nJ3w/profile-displayphoto-shrink_100_100/profile-displayphoto-shrink_100_100/0/1609831118337?e=1765411200&v=beta&t=hH5bNFyKvlUwbyMMiZd4M6n2Eg6WsRjzkKT8kXa4BzY
"You uploaded a photo on March 20, 2020 at 2:58 AM (GMT)", -,https://media.licdn.com/dms/image/v2/C5622AQE6bq-u81lTHg/feedshare-shrink_2048_1536/feedshare-shrink_2048_1536/0/1584673081108?e=1765411200&v=beta&t=DDhyN9XXE_qB6JJ6aIW9A7fmzDA15tvdLjrNGSHv4-g
"You uploaded a photo on March 14, 2020 at 9:20 PM (GMT)", -,https://media.licdn.com/dms/image/v2/C5622AQEWqa0AjaFAmA/feedshare-shrink_2048_1536/feedshare-shrink_2048_1536/0/1584220820346?e=1765411200&v=beta&t=blu9_-TsX7i1PHRmKE8PVjwwabxcMwJyRZZrfrB48vQ
"You uploaded a photo on March 4, 2020 at 10:40 PM (GMT)", -,https://media.licdn.com/dms/image/v2/C5622AQGLD_bj-PvkOw/feedshare-shrink_2048_1536/feedshare-shrink_2048_1536/0/1583361624107?e=1765411200&v=beta&t=RVC6O3MKbxMmbN0Dx5JnvC_SeWbzOO1rJzytdydpw9c
"You uploaded a photo on February 12, 2020 at 10:35 AM (GMT)", -,https://media.licdn.com/dms/image/v2/C562DAQFAnStt9EM8MQ/profile-treasury-image-shrink_800_800/profile-treasury-image-shrink_800_800/0/1598147280716?e=1764421200&v=beta&t=1SQ06RALWXujyYSsuKeiK0yi_uoAtj5hqEPxGUXaNEc
"You uploaded a profile photo on September 21, 2018 at 1:33 PM (GMT)", -,https://media.licdn.com/dms/image/v2/C4D04AQFyBAV1rqGEaQ/profile-originalphoto-shrink_900_1200/profile-originalphoto-shrink_900_1200/0/1537536814892?e=1765411200&v=beta&t=WXiWZUEUFMFDHACgGbFzc90XHWyb6v0URLvrX-hCEPA
